query,true_intent,predicted,confidence,source
pls hurry—need 2 transfer $$$ ASAP!!,password_reset,fraud_report,0.949,original
I’d like to learn about in-branch application assistance services.,credit_card_application,loan_inquiry,0.922,original
monies status: ??? halp,balance_inquiry,loan_inquiry,0.912,original
hey whats the $ in my account right now,balance_inquiry,fraud_report,0.905,original
I would like to understand your fraud-prevention checks during onboarding.,credit_card_application,fraud_report,0.886,original
my atm card will not swipe at the store,card_issue,fraud_report,0.862,synthetic
"hey, my card will not swipe at the store",card_issue,fraud_report,0.851,synthetic
can i fund my tuition here?,loan_inquiry,fraud_report,0.836,original
What documentation do you require for self-employed applicants?,credit_card_application,loan_inquiry,0.798,original
yo card been jacked,fraud_report,credit_card_application,0.773,original
Can you confirm if I placed the stop-payment?,fraud_report,transaction_query,0.767,original
tell me why my cash gone,fraud_report,transaction_query,0.747,original
my credit card will not swipe at the store,card_issue,fraud_report,0.745,synthetic
balance inquiry—hook me up pls,balance_inquiry,fraud_report,0.72,original
atm balance update wrong,fraud_report,balance_inquiry,0.596,original
what’s that $20 i spent on??,transaction_query,fraud_report,0.57,original
what’s my financial situation rn? lol,balance_inquiry,fraud_report,0.56,original
nah nah i nevr go there,fraud_report,transaction_query,0.546,original
Can you provide instructions for uploading documents to the application portal?,credit_card_application,loan_inquiry,0.523,original
my bal is -25 rn,fraud_report,balance_inquiry,0.513,original
yo i messed up my login—pls fix it!,password_reset,fraud_report,0.509,original
checkin acc numbers pls! panic mode,balance_inquiry,fraud_report,0.502,original
urgetn: my credit card will not swipe at the store pls help,card_issue,fraud_report,0.487,synthetic
how they get my info??,fraud_report,loan_inquiry,0.362,original
