accuracy,macro_f1,weighted_f1,macro_precision,macro_recall,weighted_precision,weighted_recall,features,model,status,train_time_s,latency_ms_per_query
0.951,0.9428,0.9512,0.937,0.9508,0.9526,0.951,bow,NaiveBayes,ok,0.0,0.001
0.9641,0.9567,0.9642,0.9646,0.9499,0.965,0.9641,bow,LogisticRegression,ok,1.24,0.0007
0.9581,0.9473,0.9581,0.9636,0.9343,0.96,0.9581,bow,LinearSVC,ok,0.23,0.0095
0.9545,0.9496,0.9546,0.9596,0.941,0.9554,0.9545,bow,RandomForest,ok,1.03,0.1079
0.951,0.9451,0.9508,0.959,0.9329,0.9515,0.951,bow,GradientBoosting,ok,9.44,0.0341
0.9486,0.9402,0.9481,0.9632,0.9212,0.9498,0.9486,tfidf,NaiveBayes,ok,0.0,0.0012
0.9701,0.9665,0.9701,0.9696,0.9637,0.9702,0.9701,tfidf,LogisticRegression,ok,3.28,0.0008
0.9713,0.967,0.9713,0.9746,0.96,0.9717,0.9713,tfidf,LinearSVC,ok,0.24,0.0086
0.9474,0.9412,0.9474,0.9541,0.9306,0.9486,0.9474,tfidf,RandomForest,ok,0.99,0.1082
0.9366,0.9235,0.9363,0.9327,0.9179,0.9377,0.9366,tfidf,GradientBoosting,ok,9.87,0.0331
,,,,,,,w2v_cbow,NaiveBayes,N/A (negative values),,
0.9402,0.9327,0.9404,0.9255,0.9412,0.9414,0.9402,w2v_cbow,LogisticRegression,ok,2.09,0.0009
0.9474,0.9409,0.9473,0.9458,0.9369,0.9478,0.9474,w2v_cbow,LinearSVC,ok,0.9,0.0092
0.9462,0.936,0.946,0.9362,0.936,0.946,0.9462,w2v_cbow,RandomForest,ok,1.17,0.1062
0.939,0.9261,0.9387,0.9351,0.9197,0.9395,0.939,w2v_cbow,GradientBoosting,ok,3.45,0.0258
,,,,,,,w2v_skipgram,NaiveBayes,N/A (negative values),,
0.945,0.9375,0.9453,0.9314,0.9446,0.946,0.945,w2v_skipgram,LogisticRegression,ok,2.49,0.0012
0.951,0.9457,0.9511,0.9488,0.9434,0.9518,0.951,w2v_skipgram,LinearSVC,ok,0.79,0.009
0.9533,0.9489,0.9534,0.949,0.949,0.9537,0.9533,w2v_skipgram,RandomForest,ok,1.21,0.1076
0.9426,0.924,0.9425,0.9333,0.9177,0.9441,0.9426,w2v_skipgram,GradientBoosting,ok,3.37,0.0257
,,,,,,,hybrid,NaiveBayes,N/A (negative values),,
0.9593,0.9534,0.9594,0.9533,0.9541,0.9598,0.9593,hybrid,LogisticRegression,ok,1.93,0.0013
0.9761,0.9728,0.976,0.9772,0.9687,0.9762,0.9761,hybrid,LinearSVC,ok,1.59,0.0128
0.9402,0.9291,0.94,0.9349,0.9248,0.9405,0.9402,hybrid,RandomForest,ok,1.04,0.1056
0.9402,0.9276,0.94,0.945,0.9166,0.9431,0.9402,hybrid,GradientBoosting,ok,10.05,0.0488
,,,,,,,hybrid_nlp,NaiveBayes,N/A (negative values),,
0.9677,0.9617,0.9678,0.9594,0.9643,0.968,0.9677,hybrid_nlp,LogisticRegression,ok,2.94,0.0015
0.9821,0.9782,0.982,0.9822,0.9744,0.9821,0.9821,hybrid_nlp,LinearSVC,ok,1.4,0.0118
0.9462,0.9349,0.9461,0.941,0.9304,0.9468,0.9462,hybrid_nlp,RandomForest,ok,1.08,0.1065
0.9402,0.9283,0.9399,0.9428,0.9167,0.9413,0.9402,hybrid_nlp,GradientBoosting,ok,10.35,0.0444
