query,intent,source,template_id
The card gets rejected at the checkout even when I choose contactless.,card_issue,hand_authored_train_only,
I can withdraw cash with the account but the card itself will not read.,card_issue,hand_authored_train_only,
The ATM kept my card and the branch is closed; what should I do?,card_issue,hand_authored_train_only,
A crack has appeared across the chip and shops cannot take payment.,card_issue,hand_authored_train_only,
Every payment machine says the card is invalid after I insert it.,card_issue,hand_authored_train_only,
"The replacement plastic arrived, but the first-use activation keeps failing.",card_issue,hand_authored_train_only,
Tap payments stopped working after I dropped the card yesterday.,card_issue,hand_authored_train_only,
My card is bent and the chip reader refuses to accept it.,card_issue,hand_authored_train_only,
The machine returned my card without dispensing cash and now it will not work anywhere.,card_issue,hand_authored_train_only,
Online checkouts reject this card although the details are correct.,card_issue,hand_authored_train_only,
Neither the stripe nor the chip can be read at the till.,card_issue,hand_authored_train_only,
The contactless symbol flashes but the terminal never completes the payment.,card_issue,hand_authored_train_only,
Cashpoint says 'unable to read card' each time I try.,card_issue,hand_authored_train_only,
Could you replace a card whose chip has physically come loose?,card_issue,hand_authored_train_only,
"My bank card works nowhere today, including the grocery store.",card_issue,hand_authored_train_only,
The card reader at several shops reports a technical fault with my card.,card_issue,hand_authored_train_only,
Plastic was damaged in my wallet; purchases fail when I insert it.,card_issue,hand_authored_train_only,
Why does the terminal eject my card before I can enter anything?,card_issue,hand_authored_train_only,
I cannot activate the card that came in the post.,card_issue,hand_authored_train_only,
The cash machine swallowed my card and I need help getting access to it.,card_issue,hand_authored_train_only,
The four digits for cash withdrawals have slipped my mind.,forgot_pin,hand_authored_train_only,
I need access to the code that lets me take money from a cash machine.,forgot_pin,hand_authored_train_only,
Could you issue a fresh secret number for my bank card? I cannot recall the old one.,forgot_pin,hand_authored_train_only,
Cash withdrawal stopped because I entered the wrong code repeatedly.,forgot_pin,hand_authored_train_only,
I remember my login but not the number the ATM asks for.,forgot_pin,hand_authored_train_only,
How do I choose another card security number after forgetting mine?,forgot_pin,hand_authored_train_only,
I am at a cashpoint and cannot remember the digits needed to continue.,forgot_pin,hand_authored_train_only,
The cash machine has barred my card after several incorrect number entries.,forgot_pin,hand_authored_train_only,
Please explain how to regain the number used for in-person card payments.,forgot_pin,hand_authored_train_only,
I need to set up a new cash access code; the original is lost.,forgot_pin,hand_authored_train_only,
My card asks for a secret number I can no longer remember.,forgot_pin,hand_authored_train_only,
The number for withdrawing notes is not coming back to me.,forgot_pin,hand_authored_train_only,
Can the bank help me recover the code used at a shop terminal?,forgot_pin,hand_authored_train_only,
My cash card is locked because I mixed up its four-digit code.,forgot_pin,hand_authored_train_only,
"I can sign into the app, but I have forgotten the number for my debit card.",forgot_pin,hand_authored_train_only,
Where can I request a replacement cash machine passcode?,forgot_pin,hand_authored_train_only,
I cannot authorize a chip-and-pin purchase because I forgot the digits.,forgot_pin,hand_authored_train_only,
I have lost the paper with my card's cash withdrawal number.,forgot_pin,hand_authored_train_only,
I need to unblock my card after guessing the cash code incorrectly.,forgot_pin,hand_authored_train_only,
The ATM is asking for a number I don't know anymore.,forgot_pin,hand_authored_train_only,
Please show the money that moved in and out of my account on Monday.,transaction_query,hand_authored_train_only,
I need to find the date a particular payment cleared.,transaction_query,hand_authored_train_only,
Can you trace the recipient of the transfer I made this morning?,transaction_query,hand_authored_train_only,
My statement has an entry called 'NORTHSTAR LTD'; what was that for?,transaction_query,hand_authored_train_only,
Where can I see the cash deposit from last Thursday?,transaction_query,hand_authored_train_only,
Break down my recent account activity by merchant and date.,transaction_query,hand_authored_train_only,
A card payment is pending; when did it happen and who took it?,transaction_query,hand_authored_train_only,
Find the outgoing payment I made for 63 pounds over the weekend.,transaction_query,hand_authored_train_only,
What was the last direct debit collected from my current account?,transaction_query,hand_authored_train_only,
I need a copy of the transaction record for my rent payment.,transaction_query,hand_authored_train_only,
Did the refund from the electronics shop reach my account yet?,transaction_query,hand_authored_train_only,
Can you look up all transfers received since the start of the month?,transaction_query,hand_authored_train_only,
Which business charged the small amount listed at 08:42?,transaction_query,hand_authored_train_only,
"I want to inspect the history of deposits, withdrawals and card purchases.",transaction_query,hand_authored_train_only,
"Tell me whether my salary payment has arrived, with its posting date.",transaction_query,hand_authored_train_only,
Show the details attached to the bank transfer reference ending 4812.,transaction_query,hand_authored_train_only,
What happened to the payment I sent to my landlord yesterday?,transaction_query,hand_authored_train_only,
"I am trying to identify an entry in my account activity, not check my total funds.",transaction_query,hand_authored_train_only,
List the latest debits and credits in chronological order.,transaction_query,hand_authored_train_only,
Can I download the receipt for a payment made last week?,transaction_query,hand_authored_train_only,
The sign-in phrase for my banking profile has escaped me.,password_reset,hand_authored_train_only,
I can reach the login screen but my secret word is no longer accepted.,password_reset,hand_authored_train_only,
Please help me regain access to online banking after forgetting my credentials.,password_reset,hand_authored_train_only,
My digital banking profile locked after I mistyped the login secret.,password_reset,hand_authored_train_only,
I need a fresh credential to enter the bank's website.,password_reset,hand_authored_train_only,
Where do I replace the phrase I use to sign in to the app?,password_reset,hand_authored_train_only,
My saved login no longer works and I cannot get past authentication.,password_reset,hand_authored_train_only,
I have forgotten the access phrase for internet banking; how can I reset it?,password_reset,hand_authored_train_only,
The mobile app says my credentials are invalid even though my account is fine.,password_reset,hand_authored_train_only,
Can you send the recovery steps for my web-banking login?,password_reset,hand_authored_train_only,
My account access is blocked because I don't know my sign-in password.,password_reset,hand_authored_train_only,
I need to change the secret used to open my banking app.,password_reset,hand_authored_train_only,
The login credential I created last year is forgotten; help me replace it.,password_reset,hand_authored_train_only,
I cannot get into online banking after several failed password attempts.,password_reset,hand_authored_train_only,
How can I restore access when I no longer know my web login details?,password_reset,hand_authored_train_only,
Please issue a reset link for the credential that unlocks my bank profile.,password_reset,hand_authored_train_only,
I am locked out of the digital account because the sign-in phrase fails.,password_reset,hand_authored_train_only,
Could I update the word I type before viewing my accounts online?,password_reset,hand_authored_train_only,
The banking site keeps rejecting my login secret; I need recovery.,password_reset,hand_authored_train_only,
I know my account number but have forgotten the credential for online access.,password_reset,hand_authored_train_only,
What amount could I use today without going overdrawn?,balance_inquiry,hand_authored_train_only,
Please tell me the funds currently sitting in my everyday account.,balance_inquiry,hand_authored_train_only,
"After the pending items, how much money is still available?",balance_inquiry,hand_authored_train_only,
I need the latest figure for my savings pot.,balance_inquiry,hand_authored_train_only,
Could you check the money left in my account before I make a purchase?,balance_inquiry,hand_authored_train_only,
How much do I have to spend from my bank account right now?,balance_inquiry,hand_authored_train_only,
Give me the available funds figure for my current account.,balance_inquiry,hand_authored_train_only,
What is the value of my savings at this moment?,balance_inquiry,hand_authored_train_only,
Is there enough in my account to cover a 120 pound bill?,balance_inquiry,hand_authored_train_only,
"I only need to know my account total, not a list of purchases.",balance_inquiry,hand_authored_train_only,
Tell me what remains in my checking account after holds.,balance_inquiry,hand_authored_train_only,
Can you confirm the amount currently available to withdraw?,balance_inquiry,hand_authored_train_only,
Where does my account stand financially this afternoon?,balance_inquiry,hand_authored_train_only,
Show the current funds in my rainy-day account.,balance_inquiry,hand_authored_train_only,
How much is left in the account I use for bills?,balance_inquiry,hand_authored_train_only,
I want the present-day amount in my bank account.,balance_inquiry,hand_authored_train_only,
What can I safely spend before payday based on my account funds?,balance_inquiry,hand_authored_train_only,
Please check the available amount across my savings account.,balance_inquiry,hand_authored_train_only,
"My account total, please; no transaction history needed.",balance_inquiry,hand_authored_train_only,
How much cash do I have in my account at the moment?,balance_inquiry,hand_authored_train_only,
I am looking to open a revolving credit account with the bank.,credit_card_application,hand_authored_train_only,
Where can I start the process for getting one of your credit cards?,credit_card_application,hand_authored_train_only,
Can you send me the form to request a new spending card on credit?,credit_card_application,hand_authored_train_only,
What do you need from me to be considered for a bank-issued credit line?,credit_card_application,hand_authored_train_only,
I would like to become a cardholder; how do I submit a request?,credit_card_application,hand_authored_train_only,
Is there a way to apply for a credit card through online banking?,credit_card_application,hand_authored_train_only,
I want to compare your credit products before submitting an application.,credit_card_application,hand_authored_train_only,
Could you explain the steps to request a new credit account?,credit_card_application,hand_authored_train_only,
Which documents support a request for one of your credit cards?,credit_card_application,hand_authored_train_only,
I do not have a credit card with you yet and want to apply for one.,credit_card_application,hand_authored_train_only,
Please point me to the sign-up process for a bank credit facility.,credit_card_application,hand_authored_train_only,
How do I ask the bank to issue me a credit card?,credit_card_application,hand_authored_train_only,
I am interested in a higher-limit card; where do I request consideration?,credit_card_application,hand_authored_train_only,
Does the bank accept applications for a new credit card from existing customers?,credit_card_application,hand_authored_train_only,
I want to begin the eligibility check for a credit card.,credit_card_application,hand_authored_train_only,
What borrowing options could cover a kitchen renovation?,loan_inquiry,hand_authored_train_only,
I want to estimate the monthly cost of financing a used vehicle.,loan_inquiry,hand_authored_train_only,
Could you explain the conditions for borrowing against a home?,loan_inquiry,hand_authored_train_only,
How much might the bank lend someone with my income?,loan_inquiry,hand_authored_train_only,
I am comparing repayment periods for a personal borrowing plan.,loan_inquiry,hand_authored_train_only,
Does the bank offer finance for postgraduate study?,loan_inquiry,hand_authored_train_only,
What happens after I submit a request to borrow money?,loan_inquiry,hand_authored_train_only,
Can you outline the interest charges on a fixed-term loan?,loan_inquiry,hand_authored_train_only,
I need funds for a small business; what credit facilities are available?,loan_inquiry,hand_authored_train_only,
Would self-employment affect my chances of getting a mortgage?,loan_inquiry,hand_authored_train_only,
How long is the decision process for a home-financing application?,loan_inquiry,hand_authored_train_only,
Can I spread the cost of a car over several years with bank finance?,loan_inquiry,hand_authored_train_only,
I would like to know the deposit and eligibility rules for a mortgage.,loan_inquiry,hand_authored_train_only,
What would repayments be on a loan of ten thousand pounds?,loan_inquiry,hand_authored_train_only,
Are there options to combine several debts into one borrowing agreement?,loan_inquiry,hand_authored_train_only,
A person I do not know has been moving money from my account.,fraud_report,hand_authored_train_only,
I received a purchase alert while my card was still in my possession; it wasn't me.,fraud_report,hand_authored_train_only,
Someone appears to have logged into my bank profile without permission.,fraud_report,hand_authored_train_only,
Please secure my account: an unfamiliar person has my payment details.,fraud_report,hand_authored_train_only,
I did not approve the cash withdrawal shown in my notifications.,fraud_report,hand_authored_train_only,
My banking credentials may have been stolen and used by somebody else.,fraud_report,hand_authored_train_only,
There are unauthorized purchases on my card from another country.,fraud_report,hand_authored_train_only,
I think a stranger has taken control of my online banking.,fraud_report,hand_authored_train_only,
The account shows money leaving that I never sent; treat this as suspicious activity.,fraud_report,hand_authored_train_only,
I did not make the transfer to the unknown recipient on my statement.,fraud_report,hand_authored_train_only,
Someone used my identity to access bank services.,fraud_report,hand_authored_train_only,
A scammer persuaded me to share a one-time code and now I see activity.,fraud_report,hand_authored_train_only,
My card details were copied and an unrecognized merchant charged me.,fraud_report,hand_authored_train_only,
I need to report an account takeover and protect my funds.,fraud_report,hand_authored_train_only,
There is a withdrawal from a city I have not visited and I did not authorize it.,fraud_report,hand_authored_train_only,
